{
  "manifest": {
    "apis": {
      "custom": {
        "endpoint": {
          "uri": "arn:aws:lambda:eu-west-1:420879010190:function:fa15d9c1-1758-496e-8488-79505076fd2a:Release_0"
        },
        "interfaces": [],
        "locales": {},
        "regions": {
          "NA": {
            "endpoint": {
              "uri": "arn:aws:lambda:us-east-1:420879010190:function:fa15d9c1-1758-496e-8488-79505076fd2a:Release_0"
            }
          },
          "EU": {
            "endpoint": {
              "uri": "arn:aws:lambda:eu-west-1:420879010190:function:fa15d9c1-1758-496e-8488-79505076fd2a:Release_0"
            }
          },
          "FE": {
            "endpoint": {
              "uri": "arn:aws:lambda:us-west-2:420879010190:function:fa15d9c1-1758-496e-8488-79505076fd2a:Release_0"
            }
          }
        }
      }
    },
    "manifestVersion": "1.0",
    "publishingInformation": {
      "distributionCountries": [],
      "isAvailableWorldwide": true,
      "locales": {
        "de-DE": {
          "description": "Sample Full Description",
          "examplePhrases": [
            "Alexa öffne hallo welt",
            "hallo",
            "hilfe"
          ],
          "keywords": [],
          "name": "tic tac toe spiel",
          "summary": "Sample Short Description"
        }
      },
      "testingInstructions": "Sample Testing Instructions."
    }
  }
}